<?xml version="1.0" encoding="UTF-8"?>
<project-private xmlns="http://www.netbeans.org/ns/project-private/1">
    <editor-bookmarks xmlns="http://www.netbeans.org/ns/editor-bookmarks/2" lastBookmarkId="0"/>
    <open-files xmlns="http://www.netbeans.org/ns/projectui-open-files/2">
        <group>
            <file>file:/I:/My%20Programs/Project/Java%20BB/Blood%20Donation%20System/Blood_Donation_System/src/blood_donation_system/Blood_Donation_System.java</file>
            <file>file:/I:/My%20Programs/Project/Java%20BB/Blood%20Donation%20System/Blood_Donation_System/src/blood_donation_system/start_page.java</file>
            <file>file:/I:/My%20Programs/Project/Java%20BB/Blood%20Donation%20System/Blood_Donation_System/src/blood_donation_system/Available_packets.java</file>
        </group>
    </open-files>
</project-private>
